text,labels,parsed_predictions
My favourite food is anything I didn't have to cook myself.,[0],['amusement']
"Now if he does off himself, everyone will think hes having a laugh screwing with people instead of actually dead","[23, 24, 25]","['disgust', 'anger', 'annoyance']"
WHY THE FUCK IS BAYLESS ISOING,[24],['anger']
To make her feel threatened,"[25, 16]","['annoyance', 'fear']"
Dirty Southern Wankers,"[26, 23]","['disapproval', 'disgust']"
OmG pEyToN iSn'T gOoD eNoUgH tO hElP uS iN tHe PlAyOfFs! Dumbass Broncos fans circa December 2015.,"[24, 25]","['anger', 'annoyance']"
Yes I heard abt the f bombs! That has to be why. Thanks for your reply:) until then hubby and I will anxiously wait üòù,"[0, 1]","['amusement', 'excitement']"
We need more boards and to create a bit more space for [NAME]. Then we‚Äôll be good.,[27],['neutral']
Damn youtube and outrage drama is super lucrative for reddit,"[26, 25]","['disapproval', 'annoyance']"
It might be linked to the trust factor of your friend.,[27],['neutral']
Demographics? I don‚Äôt know anybody under 35 who has cable tv.,"[13, 14]","['surprise', 'curiosity']"
"Aww... she'll probably come around eventually, I'm sure she was just jealous of [NAME]... I mean, what woman wouldn't be! lol ","[0, 5]","['amusement', 'optimism']"
Hello everyone. Im from Toronto as well. Can call and visit in personal if needed.,"[6, 27]","['caring', 'neutral']"
R/sleeptrain Might be time for some sleep training. Take a look and try to feel out what's right for your family.,[27],['neutral']
"[NAME] - same fucking problem, slightly better command of the English language.","[26, 25]","['disapproval', 'annoyance']"
"Shit, I guess I accidentally bought a Pay-Per-View boxing match","[25, 20]","['annoyance', 'disappointment']"
Thank you friend,[9],['gratitude']
Fucking coward.,"[26, 24]","['disapproval', 'anger']"
that is what retardation looks like,"[26, 23]","['disapproval', 'disgust']"
Maybe that‚Äôs what happened to the great white at Houston zoo,"[27, 14]","['neutral', 'curiosity']"
"I never thought it was at the same moment, but sometimes after [NAME] sacrifice... sounds logical","[12, 11]","['realization', 'approval']"
i got a bump and a bald spot. i feel dumb <3,[19],['embarrassment']
You are going to do the dishes now,[25],['annoyance']
Slowing things down now,[10],['relief']
His name has already been released. Just can't post it here.,[27],['neutral']
Stupidly stubborn / stubbornly stupid,[25],['annoyance']
Mine was apparently [NAME] and the giant peach!,"[1, 2]","['excitement', 'joy']"
I miss them being alive,"[21, 22]","['sadness', 'grief']"
"Super, thanks",[9],['gratitude']
A new study just came out from China that it's actually too late.,"[21, 20]","['sadness', 'disappointment']"
"Troll, bro. They know they're saying stupid shit. The motherfucker does nothing but stink up libertarian subs talking shit","[26, 24, 25]","['disapproval', 'anger', 'annoyance']"
"All sounds possible except the key, I can't see how it was missed in the first search. ","[26, 25]","['disapproval', 'annoyance']"
"Your aunt has some damn nerve, though!","[24, 25]","['anger', 'annoyance']"
"Ok, then what the actual fuck is your plan?","[24, 25]","['anger', 'annoyance']"
What does FPTP have to do with the referendum?,"[27, 14]","['neutral', 'curiosity']"
Happy to be able to help.,"[6, 11]","['caring', 'approval']"
"18 is hot but very bland, it's just here this blonde lady who is not as hot as blonde launch.","[26, 20]","['disapproval', 'disappointment']"
Famous for his 3-4 Defense,[27],['neutral']
Pretty sure I‚Äôve seen this. He swings away with the harness he is wearing. Still looks painful but I think he lives,"[10, 14]","['relief', 'curiosity']"
When I feel down I listen to music.,[27],['neutral']
"aw, thanks! I appreciate that! ",[9],['gratitude']
Thanks! I love watching him every week,"[8, 9]","['admiration', 'gratitude']"
I read on a different post that he died shortly after of internal injuries.,"[21, 22]","['sadness', 'grief']"
Honestly it sounds exhausting being married to him. Maybe it will be better for you in the long run.,[26],['disapproval']
It's crazy how far Photoshop has come. Underwater bridges?!! NEVER!!!,"[0, 13]","['amusement', 'surprise']"
"I wouldn't let a sweet potato dictate decisions, ever.","[26, 25]","['disapproval', 'annoyance']"
It's true though. He either gets no shirt and freezes to death or wears a stupid looking butchers cape. I hope he gets something better next season,"[0, 25]","['amusement', 'annoyance']"
"It's a better option because it's my life and none of your business? Lmfao, who are you","[24, 25]","['anger', 'annoyance']"
"Sack, shaft, and tip. The trifecta. ","[0, 1]","['amusement', 'excitement']"
I know. My question was if they **used** to compete in T5-TTT2.,[27],['neutral']
FBI!! OPEN UP!!!,"[24, 25]","['anger', 'annoyance']"
"Should‚Äôve dumped coke all over her right after the movie, and make a run for it. Fk pettiness ","[24, 25]","['anger', 'annoyance']"
You can always kneel.,[27],['neutral']
"Cheers, sololander!",[11],['approval']
Very interesting. Thx,[9],['gratitude']
This isn't really wholesome,[26],['disapproval']
your mom likes to copy me cause she has no creativity just like you:,"[26, 25]","['disapproval', 'annoyance']"
Lord help me I want to be a mod again. So many damn trolls here,[25],['annoyance']
Oh holy heck :/,"[26, 25]","['disapproval', 'annoyance']"
"Thanks DB, I'll see if I can find the book",[9],['gratitude']
LOL. Super cute!,[0],['amusement']
I just shit my pants. Then walk away. Embarrassing enough he won't press or follow you.,[19],['embarrassment']
WHAT ARE YOU DOIN [NAME]?,[25],['annoyance']
This...has 9k upvotes. Wow.,"[8, 13]","['admiration', 'surprise']"
[NAME] sees all,"[8, 11]","['admiration', 'approval']"
Awesome. Thanks!,[9],['gratitude']
Wait. What. How?,"[15, 13]","['confusion', 'surprise']"
"And then they say, ‚ÄúHAHAHAHHA IT WAS RIGHT THERE WOW!‚Äù","[0, 13]","['amusement', 'surprise']"
"Aww, try mindfulness. I think I am going over to that sub now.","[6, 11]","['caring', 'approval']"
Twilight... STILL a better love story than The Last Jedi!,"[0, 11]","['amusement', 'approval']"
Detective from svu.,[27],['neutral']
Good for #70 to console the poor guy,[6],['caring']
The republicans are the military. You are an idiot.,"[26, 24]","['disapproval', 'anger']"
Don't kiss your doorbell! Or anyone else's for that matter...,[0],['amusement']
Just got home from school. How are we doing,[27],['neutral']
This pic they used for [NAME] makes her look like [NAME],[0],['amusement']
"Awesome! I‚Äôm a cradle [RELIGION], so really interesting to hear your experience. Thanks for sharing.","[11, 9]","['approval', 'gratitude']"
What a wonderful world,"[8, 5]","['admiration', 'optimism']"
Never get out of the boat.,[27],['neutral']
"just noticed, lol. damn pervert foreigners.","[26, 25]","['disapproval', 'annoyance']"
Oh forgive us for trying to make an exciting atmosphere at our homecourt.,[24],['anger']
"true I am a troll, but fortunately for me I'm not emotionally invested in it.",[27],['neutral']
sorry [NAME]! üòòüòòüòò,"[3, 9]","['love', 'gratitude']"
"At least it‚Äôs not anything worse, and that you are still close to that person :)","[10, 9]","['relief', 'gratitude']"
This is the first person Australia has tried to do this to...,"[26, 25]","['disapproval', 'annoyance']"
my brain hurts...,[25],['annoyance']
Thank you for at least doing something good sir.,"[9, 11]","['gratitude', 'approval']"
"He was off by 5 minutes, not impressed. ","[26, 20]","['disapproval', 'disappointment']"
Sometimes life actually hands you lemons. We're just lucky that we have a proverbial phrase that gives us an idea of what we can do with them.,"[0, 5]","['amusement', 'optimism']"
People on the other side want you dead no matter why you are there.,"[24, 16]","['anger', 'fear']"
"Pay you for what, just standing there? Done.","[24, 25]","['anger', 'annoyance']"
Cleavage: Nature's Brass Catcher.,[0],['amusement']
"Apologies, I take it all back as I‚Äôve just seen his latest effort","[12, 18]","['realization', 'remorse']"
I love Rocket Love and Blasted. I just wonder who the songs were written for because these are all reference tracks except Acura Intergul,"[8, 14]","['admiration', 'curiosity']"
okay im interested in joining the bare hands hunting posse,"[1, 14]","['excitement', 'curiosity']"
Damn for that much you may as well use a mobile plan unless you're doing something latency sensitive.,"[26, 25]","['disapproval', 'annoyance']"
I think the 90 day rule applies to increases over 5%?,[27],['neutral']
If they bolt its a feature.,"[0, 27]","['amusement', 'neutral']"
So this means the people who have debt can see those that don‚Äôt. Am I sensing an easier target for muggings and such?,[16],['fear']
Skynet has really lost its edge,"[26, 20]","['disapproval', 'disappointment']"
You just make her sound awesome.,[8],['admiration']
seriously wtf. I want to see how the whole hand went in detail. that was the sickest soulread ever,"[8, 1]","['admiration', 'excitement']"
Your team lacks ethics.,"[26, 24]","['disapproval', 'anger']"
"[NAME] was useless, aside from bandaging [NAME] up a bit more than she already did and treating [NAME], name one decision [NAME] has made smartly. ","[26, 25]","['disapproval', 'annoyance']"
"Not the **emotional effect**, when it's in the best interest of our country.",[11],['approval']
i wouldn't take that significant of a pay cut. you should keep your job and do your creative writing on the side/free time.,"[26, 25]","['disapproval', 'annoyance']"
"Hey, I just shared the tweet with the quote. I don't know about all that",[27],['neutral']
Who is this Wild team? Where have they been?,"[13, 14]","['surprise', 'curiosity']"
omg [NAME] and his dad walking out together is so cute üòç,"[8, 2]","['admiration', 'joy']"
Thanks I'll give it a go. Nothing used for randoms at all? Would it be better for me to find a group to play with?,"[9, 14]","['gratitude', 'curiosity']"
Why‚Äôs he pointless? I want to know how people like you watch this game. Genuinely baffles me.,"[15, 26]","['confusion', 'disapproval']"
I appreciate his deadpan humour.,"[0, 8]","['amusement', 'admiration']"
So I said earlier that this team was boring without [NAME] lately. I take that back after the last two games.,"[8, 11]","['admiration', 'approval']"
"I was kicked, and apparently don't care about oversharing on Reddit about it anymore",[0],['amusement']
It's because you play against 1000 ms ping EU players that have no idea what's going on. Happy hunting!,"[0, 25]","['amusement', 'annoyance']"
Updooted like the filthy animal I am.,"[0, 11]","['amusement', 'approval']"
The fuck is ‚Äúmog?!‚Äù,"[24, 25]","['anger', 'annoyance']"
Especially that ‚ÄúAustralia ain‚Äôt gonna cop it‚Äù ad on TV god I hate [NAME],"[26, 25]","['disapproval', 'annoyance']"
And you believe this?,[26],['disapproval']
"If you are into sours they put out some decent stuff, but anything outside of that is completely forgettable and average.","[26, 25]","['disapproval', 'annoyance']"
We thought he was getting better but then he turned himself around.,"[13, 10]","['surprise', 'relief']"
You seem slightly sensitive... I was actually thinking we had been infiltrated by the normies,"[0, 25]","['amusement', 'annoyance']"
Yet another clown whining about discussions about bitcoin in a bitcoin sub.,"[26, 25]","['disapproval', 'annoyance']"
"Three words, no subtlety. ""Dude. Stop. Seriously."" ",[25],['annoyance']
"[NAME] dude I see [NAME] so rarely that I forget that he's the OG ""Fuck this character fuck this stupid game"" king. ",[0],['amusement']
"Wow. I just read the synopsis, and that‚Äôs really what happens. ",[13],['surprise']
"Wow, that landlady sure is a piece of shit. I'd be interested in knowing how many people she has discriminated against or harassed in the past.","[23, 24]","['disgust', 'anger']"
I KILL YOU SCUM,[24],['anger']
"It‚Äôs way too broken, anyone and their dog can use it.","[26, 25]","['disapproval', 'annoyance']"
Tournament was a blast met some really cool people loved it all. Thanks for holding it. Would love to do it again someday,"[9, 2, 1]","['gratitude', 'joy', 'excitement']"
"Yeah, I am! I'll private message you a link to my profile. Thank you.",[9],['gratitude']
*curb your enthusiasm theme intensifies*,[0],['amusement']
youre a disgusting piece of filth.,"[23, 24]","['disgust', 'anger']"
By the way the dogs also alerted at kuss road but will just ignore that much like [NAME] did lol ciao,[0],['amusement']
This is sort of wholesome in a weird way,"[0, 14]","['amusement', 'curiosity']"
"Just an employee, just stressed that it takes so long to save 10k for example and even that is nothing ! Should of brought more bitcoins","[25, 20]","['annoyance', 'disappointment']"
Kinda. And thank you. I'm curious about those files and film and fotos you mentioned.,[14],['curiosity']
I don't think aspergers causes me distress or anxiety. I think having to live in a society that privileges neurotypical modes of interaction causes me distress and anxiety,"[24, 25]","['anger', 'annoyance']"
Looks like my greyhounds feet,"[27, 14]","['neutral', 'curiosity']"
You told me it was pointless to point it out. You're the idiot,"[24, 25]","['anger', 'annoyance']"
2019 should just be a picture of a trash can or dumpster on fire. Amazing how shitty DICE can make things in 10 years.,"[26, 25]","['disapproval', 'annoyance']"
Yeah let's wrap up AS4 I'm suddenly so much more excited for S11,[1],['excitement']
He left the bench and is back in the locker room with the medical staff,[27],['neutral']
"Deluxe always need ingest people, there's also fairly regular openings for media operators.",[27],['neutral']
"Absolutely. I'd love it. No matter how much I like the guy, if he just goes for it that's not cool.","[26, 11]","['disapproval', 'approval']"
"Honestly, same. I was miserable at my admin asst job.",[21],['sadness']
Glad to see Hearts fans giving [NAME] such a warm welcome back..,"[11, 2]","['approval', 'joy']"
"Glad you feel better! My offer still stands though, if you need someone, I‚Äôm here","[6, 10]","['caring', 'relief']"
Colts Offense is laughable right now,"[26, 25]","['disapproval', 'annoyance']"
"Lol so petty, I kinda love it. I probably wouldn‚Äôt actually do that but it‚Äôs tempting.","[0, 8]","['amusement', 'admiration']"
Lmao Stole my joke! üòÇ,[0],['amusement']
Welcome to the party pal!,"[1, 2]","['excitement', 'joy']"
Is this a [NAME] reference. I feel like it is.,[14],['curiosity']
Don't think we should be stomping all over people's bodily autonomy just so public health authorities can declare victory.,"[26, 24]","['disapproval', 'anger']"
Can he teach them to run really really fast?,[14],['curiosity']
"Please enlighten us, O oracle. This should be rich...","[0, 14]","['amusement', 'curiosity']"
[NAME] was one of the only good things in that season,"[8, 11]","['admiration', 'approval']"
Your coaching is terrible.... be ready and see how [NAME] uses [NAME],"[26, 24]","['disapproval', 'anger']"
I adore this comment section <3,"[8, 3]","['admiration', 'love']"
How did you try it if it's not live yet? There was no early access to it,"[26, 25]","['disapproval', 'annoyance']"
"You got it, thanks!",[9],['gratitude']
"No deagle nerf/vault, good patch but could be way better","[11, 20]","['approval', 'disappointment']"
"Stop master debating, you are making a fool out of yourself. It's concerning.","[26, 25]","['disapproval', 'annoyance']"
I think it depends on how many people are awake and passing by at the time of the posting.,[27],['neutral']
"as long as the tracking shows delivered, it's not your responsibility what happens to it after that","[27, 10]","['neutral', 'relief']"
"[NAME] got in before [NAME], but other than that...","[25, 20]","['annoyance', 'disappointment']"
"My stylist is a fit, handsome guy with big, sexy hands. Can't say I don't like it when he tousles my hair.","[8, 4]","['admiration', 'desire']"
You are giving them human emotions. If you spent any time with cattle at all you would realize how silly that is.,"[26, 25]","['disapproval', 'annoyance']"
"He may have, I was more worried about the ""running and shooting the AR one handed, off to the side"".",[25],['annoyance']
"Hmmm, can I see that statistic claiming Rowan engineering is that high?",[14],['curiosity']
horse meat is fucking peng i love it. why is it ok for a cow to be slaughtered for food but not a horse? ridiculous double standards,"[26, 24, 25]","['disapproval', 'anger', 'annoyance']"
Where‚Äôs Sharpton now?,[25],['annoyance']
good luck buddy,"[6, 5]","['caring', 'optimism']"
it really do be like that sometimes,"[0, 11]","['amusement', 'approval']"
Define woman please if you're not going to use the accepted denotation.,[25],['annoyance']
Your response is truly one of the most amazing ones I‚Äôve seen.,[8],['admiration']
That‚Äôs a straight up ghoul,"[26, 23]","['disapproval', 'disgust']"
I don‚Äôt understand why people give gold to crossposts. You deserve all the upvotes.,"[8, 11]","['admiration', 'approval']"
"No problem at all, glad I could help :) Cheers!","[9, 11]","['gratitude', 'approval']"
We're not moving.,"[26, 25]","['disapproval', 'annoyance']"
My [NAME]! This isnt a vaccine! It's a jello shot!,"[0, 13]","['amusement', 'surprise']"
Who do you think can lead the Packers to where they need to be?,[27],['neutral']
"Thanks, :), as the days go by they are getting better.","[9, 11]","['gratitude', 'approval']"
"Oh wow. Yeah I‚Äôm very new, only about 8 hours gameplay","[13, 1]","['surprise', 'excitement']"
"*""Success is the best revenge.""* Good job OP. Stay strong. You're almost there.","[7, 11]","['pride', 'approval']"
Food stamps are a disgrace. People should get money!,"[26, 24]","['disapproval', 'anger']"
Whisper me your steam id but it'll be 1-2 hours until I can start playing,[27],['neutral']
By [NAME]! That‚Äôs [NAME] music!,[8],['admiration']
You just needed a [RELIGION] grandparent to be killed,"[26, 24]","['disapproval', 'anger']"
"You live in Appalachia, don‚Äôt you?",[27],['neutral']
That pole and cheap plastic fence surely would offer excellent protection from a car. Walk it off brah.,"[0, 26]","['amusement', 'disapproval']"
What the fuck is [NAME] doing in the background,"[24, 25]","['anger', 'annoyance']"
It creates perverse incentives. Allow underpaid prison labour and suddenly you've an incentive towards exploiting your prison population rather than rehabilitating them.,"[26, 24]","['disapproval', 'anger']"
"Yeahhhh no, you're banned for this whole convo.","[26, 24]","['disapproval', 'anger']"
I always just say ‚Äúthank you‚Äù because it‚Äôs a nice thought ü§∑‚Äç‚ôÄÔ∏è,"[27, 9]","['neutral', 'gratitude']"
"To be fair, [NAME] is an amazing broadcaster.","[8, 11]","['admiration', 'approval']"
I had 3 last night üôà this rant was after glass #1,"[0, 19]","['amusement', 'embarrassment']"
[NAME],[27],['neutral']
Dv cus it‚Äôs playful doggos,"[0, 2]","['amusement', 'joy']"
"I'm 14 stone...so probably about 2 stone over weight. I don't drink alcohol or do drugs, but I love food.... ",[18],['remorse']
Needs a real big bag of rice!,[4],['desire']
"Also curious. But as someone who lives in northern Ontario, this is pretty accurate","[0, 14]","['amusement', 'curiosity']"
Like the handout this guy got to build the stadium?,"[8, 13]","['admiration', 'surprise']"
"I thought I couldn't get more depressed about last game, but.....","[21, 20]","['sadness', 'disappointment']"
i think its cool because its a hybrid that comes in stickshift,"[11, 1]","['approval', 'excitement']"
"I'm not saying your analysis is wrong or not based on evidence, just that the data it generates is not useful. ","[26, 25]","['disapproval', 'annoyance']"
Ask over at r/NewTubers,[27],['neutral']
The first time I'm seeing it so thank you for sharing. Definitely shows the propaganda efforts.,"[12, 9]","['realization', 'gratitude']"
"It's simple, he's blunt, and that is what some people need.",[11],['approval']
And yet you had to walk back your support of this bill when you found out it would catch up your shotgun,"[26, 25]","['disapproval', 'annoyance']"
It's also one of the very few decent solo FPS released this year.,[11],['approval']
"I like this sub, and I like you. You're alright. ","[3, 11]","['love', 'approval']"
bet you could still eat them,[0],['amusement']
"Yeah, I was thinking my boy was into them before that. But I doubt Panic! At the Disco would have peaked his interest.","[0, 27]","['amusement', 'neutral']"
"She doesn‚Äôt have to be added to the game for her to be significant, [NAME] was just an extreme example.",[27],['neutral']
wow so almost every sub has grown a lot in 7 months. Also 8.3k!! what!? that's insane,"[13, 1]","['surprise', 'excitement']"
At least they can make some good pizza,"[8, 11]","['admiration', 'approval']"
I've never been there before so I can't confirm or deny but I would be really surprised if a casino only had limit holdem,"[13, 14]","['surprise', 'curiosity']"
"Pretty sure you don't know what ""hurt"" means","[26, 25]","['disapproval', 'annoyance']"
Go pursue that education. Let [NAME] wallow in her own sadness.,"[21, 25]","['sadness', 'annoyance']"
Such a nice photo of city hall.,[8],['admiration']
That's the kind of problem a physical therapist is more qualified to handle. Good luck,"[27, 11]","['neutral', 'approval']"
I was suffering a delirium flu during the phantom facemask game so it‚Äôs all sorts of suffering for me.,"[22, 21, 25]","['grief', 'sadness', 'annoyance']"
Thank you so much! I love Germany! I was in Berlin 2 years ago for research work.,"[8, 3, 9]","['admiration', 'love', 'gratitude']"
I had no idea what the fuck this was about. Found the ad and watched it. It's actually decent.,"[13, 14]","['surprise', 'curiosity']"
"I'm sorry OP, every single thing on that list is incredibly wrong. I hope you're doing well now. ","[6, 26]","['caring', 'disapproval']"
I‚Äôm assuming you‚Äôre referring to the poor execution of the hanging? He only used half of the holes,"[26, 25]","['disapproval', 'annoyance']"
"I mean, your account is a day old, so I think you‚Äôll be okay.","[27, 11]","['neutral', 'approval']"
"If ANYONE told me upfront they were a whatever game console guy/girl, I‚Äôd reconsider dating them. You‚Äôre too into video games. ","[26, 25]","['disapproval', 'annoyance']"
Those are some fine looking pills.,[11],['approval']
Would feel weird swiping right on a leftie,"[0, 14]","['amusement', 'curiosity']"
She has at least 12 elbows and all of them are happy. You get it gurl,[0],['amusement']
"Me, too, please.",[27],['neutral']
"Not surprised, damn that sucks. Concussions are awful.","[26, 20]","['disapproval', 'disappointment']"
ur mom is in purgatory xd,"[0, 25]","['amusement', 'annoyance']"
"Yes, it's normal. More like considering you options than desperation","[27, 11]","['neutral', 'approval']"
"The bathroom on the first floor at my school had no soap dispenser, a destroyed toilet, and toilet paper so long it left the bathroom.","[26, 25]","['disapproval', 'annoyance']"
I wanted to see him show out over Kemba.,"[1, 14]","['excitement', 'curiosity']"
"Not all [NAME] supporters are tankies, but all tankies are [NAME] supporters","[26, 25]","['disapproval', 'annoyance']"
They look absolutely PERFECT together. I hope its that way in real life too. So happy for ya [NAME]!!!,"[11, 2]","['approval', 'joy']"
"It could be, but I hope it's abandoned. I haven't been too impressed with the flash forwards. ","[26, 20]","['disapproval', 'disappointment']"
It's bizarre that it's considered normal to intentionally brainwash people into murdering psychos.,"[26, 23]","['disapproval', 'disgust']"
What do you think? If you look at my question above? Last thing I should do is to say sorry?,"[15, 25]","['confusion', 'annoyance']"
Bet flop. Good [NAME] what are you doing on the river.,"[26, 25]","['disapproval', 'annoyance']"
"Mmm, no. I highly dislike this. 10/10 TIHI material.","[26, 23]","['disapproval', 'disgust']"
All the scumbags around everywhere. Sucks that it's so easy to use for a lot of other things.,"[23, 24]","['disgust', 'anger']"
Gamers know all too well how it feels to be oppressed by society.,[24],['anger']
It's extremely common. Hell you probably have it yourself and just don't know.,"[27, 25]","['neutral', 'annoyance']"
"You‚Äôve described some states in the South, like ",[27],['neutral']
"Lol, get em Corsi! ","[0, 8]","['amusement', 'admiration']"
Sounds nice owo,"[1, 2]","['excitement', 'joy']"
A jellyfish. He purposely stung himself with it.,"[0, 13]","['amusement', 'surprise']"
"No he was given a bad team to work with unfortunately, and never got the final shot he deserved :(","[21, 20]","['sadness', 'disappointment']"
Does nobody notice that this is a doctored photo..?? Like really bad clone stamp.. I mean it could be beautiful but this is not a real photo.,"[26, 25]","['disapproval', 'annoyance']"
The dad was in stitches..,[0],['amusement']
I'm sorry but as someone who travels alone I would be pissed if I was told I can't drink at the bar by myself.,"[24, 25]","['anger', 'annoyance']"
an interesting trade would be [NAME] and a 1st to the Mavs for [NAME]. and [NAME],[14],['curiosity']
Doesn't seem like a big deal. I mean is she in the room?,[27],['neutral']
Get him boys!,"[24, 25]","['anger', 'annoyance']"
"Lol, that‚Äôs funny. I‚Äôll have to find our Aggieopoly and see how it compares.",[0],['amusement']
"We were all duped? I‚Äôve seen through her from day 1, even posted about how fake she is ","[26, 25]","['disapproval', 'annoyance']"
"At least you get sunny on Netflix, they took it off in Canada :(","[21, 20]","['sadness', 'disappointment']"
[NAME] better be careful. He'll be next.,[16],['fear']
That's the first time I have seen OG pass up that kind of opportunity.,[13],['surprise']
"To be a buzzkill, something can be both depressing and uplifting and despite being depressing it is most definitely uplifting. ","[8, 5]","['admiration', 'optimism']"
"Mostly shit paying jobs with more openings + older people rejoining the workforce. Ofc they will spin it as ""good"" news...","[26, 25]","['disapproval', 'annoyance']"
This shirt IS a problem. Get rid of it.,"[24, 25]","['anger', 'annoyance']"
my mom caught be masturbating to dominatrix porn (i was bored of vanilla shit) LOL But porn addiction is bad because it can stop you from approaching women etc,"[0, 19]","['amusement', 'embarrassment']"
I really like this photo.,"[8, 2]","['admiration', 'joy']"
"Lmao the cop stops like *""Fuck, well I guess he won't be resisting on the way""*",[0],['amusement']
"I said I'm full, sir. That means no desert either. No one likes a pushy waiter.","[26, 25]","['disapproval', 'annoyance']"
"I live in the area, and I haven‚Äôt noticed the smell anymore the last few times I‚Äôve walked by there.",[27],['neutral']
"the young and the goal-less Thanks TSN, i hate it","[26, 25]","['disapproval', 'annoyance']"
Yes he is a hard worker for sure. Just wish he could get his shot back on track.,[11],['approval']
I am still a child,[27],['neutral']
Because all those delusional people be doing the same shit in their real life.,"[26, 25]","['disapproval', 'annoyance']"
"I‚Äôm sorry, you just sound like one of those people who takes overwatch super seriously and has no life","[26, 25]","['disapproval', 'annoyance']"
I told my mum and an ambulance is coming now. Thanks everyone,"[10, 9]","['relief', 'gratitude']"
"ick! That makes me feel gross. I have ""Addison's Disease"". ","[26, 23]","['disapproval', 'disgust']"
Thank you SO much! This is so genuine and so helpful. Thank you so much for your time and your thoughts.,[9],['gratitude']
Tis nothing but a scratch,[0],['amusement']
"Here did you know that [NAME] slept with 35,000 women. Outrageous.","[26, 23]","['disapproval', 'disgust']"
"I live in Suiderstrand, which is past Aghulas, no option for fibre here unfortunately :(","[21, 20]","['sadness', 'disappointment']"
Hi [NAME]!,[27],['neutral']
"Thats great! Just curious, what game? ","[1, 14]","['excitement', 'curiosity']"
"hey thank you! any time I can help someone, I'm more than happy to:)",[9],['gratitude']
Taco Tuesdays after meatless Monday. I call it meatcycling,[0],['amusement']
I don't think they consider geometric patters to be abstract art.,"[26, 27]","['disapproval', 'neutral']"
"Ah, thank you",[9],['gratitude']
Season 2 just started and as a huge TNG fan I can definitely say the first season is the closest I've ever seen to another season of TNG,[8],['admiration']
"its oxford, if you dont agree with oxford go live in a damn cave, because they is correct, and [NAME] I LOVE ENGLAND","[7, 3]","['pride', 'love']"
Why are you trying to cheat NJ transit? NJ transit is in deep financial debt and you are trying to steal from them. Shame.,"[26, 24]","['disapproval', 'anger']"
The rest areas and truck stops are booming!,"[1, 2]","['excitement', 'joy']"
Idk for fun?,"[0, 14]","['amusement', 'curiosity']"
It makes us more determined to tank for Zion,[5],['optimism']
" I'm scared to even ask my mom ,I might get yelled at üòü",[16],['fear']
If [NAME] has similar role to end year then no way am I taking those over him ...especially Sony,"[26, 25]","['disapproval', 'annoyance']"
"I love it! A smile from a stranger has really turned my day around, so I always hope I can possibly do the same! ","[3, 2]","['love', 'joy']"
"I'm in Australia, so idk if there's really anything I can do.",[27],['neutral']
"Ah, victory ","[7, 2]","['pride', 'joy']"
r/hockey has no love for us! Just stay here with all us cool people!,"[26, 25]","['disapproval', 'annoyance']"
They don't seem to care much. Al qaida or ahrar al sham makes little difference anyway.,"[27, 20]","['neutral', 'disappointment']"
the number 9 recruit from the 2019 class at USC has already entered the transfer portal lol it's only been like 3 weeks man give it a chance,"[0, 25]","['amusement', 'annoyance']"
nah me good,[27],['neutral']
I have his signature on my jersey. Lined up at Canadian Tire for it when I was younger. Happy retirement!,"[8, 2]","['admiration', 'joy']"
Every day it gets harder to tell the difference between a legit mental health issue and someone just using it as an excuse to be an arsehole.,"[26, 25]","['disapproval', 'annoyance']"
I am just like this! Glad to know I‚Äôm not imagining it.,"[0, 10]","['amusement', 'relief']"
I do not understand why everything in this script must inevitably explode.,"[15, 25]","['confusion', 'annoyance']"
The logic is so the government can oppress you.,"[26, 24]","['disapproval', 'anger']"
Oh yeah! He was great for us. 0.69 ERA in 24 G with 10.7 K/9. I forgot about him.,"[8, 13]","['admiration', 'surprise']"
I hope for the camera-man's sake that gun is empty,[16],['fear']
"""[NAME], meet [NAME]"" love that show","[1, 2]","['excitement', 'joy']"
Please never don't not reproduce.,[27],['neutral']
"Source each of these and trend lines from previous years please. No, listing a few agencies and telling people to Google 8t isn't a source. ","[26, 25]","['disapproval', 'annoyance']"
Holy shit this golden comment flew under the radar. I laughed so hard,"[0, 2]","['amusement', 'joy']"
Saying babcuck should be fired = woke gimme updoots,"[26, 24]","['disapproval', 'anger']"
[NAME] rescued me as well. I also had a couple weeks of [NAME] saving my ass.,[9],['gratitude']
"Also, the Detroit Police Underwater Recovery Team is a thing that I want to learn more about...",[14],['curiosity']
It‚Äôs like you didn‚Äôt even read the comment you‚Äôre responding to.,[25],['annoyance']
"They hated him, because he told them the truth","[26, 24]","['disapproval', 'anger']"
"I hope she lives to be 200, just to piss them off.","[0, 24]","['amusement', 'anger']"
Eventually sure. But the question really lacked the maybe later option lol,[0],['amusement']
"Okay fine. Still though. Make some joke ""maybe we should cuddle for warmth"" and see how she responds. ","[0, 25]","['amusement', 'annoyance']"
That would never pass since every side would get what they want. There has to be a loser in his eyes,"[26, 25]","['disapproval', 'annoyance']"
I focus on the pain,[21],['sadness']
Imagine what could've happened if you saw the longer director's cut!,"[1, 14]","['excitement', 'curiosity']"
This game looks way too fast for the Oilers rn,[17],['nervousness']
I am more than pleasantly surprised I clicked this link,"[13, 1]","['surprise', 'excitement']"
I‚Äôve seen 62 to 8 in 12 hours up north. Weather is crazy stuff.,"[0, 13]","['amusement', 'surprise']"
I have dayz but haven‚Äôt played in years. Last I heard it‚Äôs still a broken mess lol.,"[0, 20]","['amusement', 'disappointment']"
"""[NAME]"" Still love [NAME], and while the actual [NAME] was cool at first, she's gotten pretty ""meh"" to me.","[26, 3]","['disapproval', 'love']"
It's kinda funny when it's told to you,[0],['amusement']
But even then it would need something else to live,[27],['neutral']
I like it!,[2],['joy']
"Thank you, needed to hear this today! ",[9],['gratitude']
"They aren't horrible in the least bit. Just learn from your mistake, remember, and move on. That's all you can do.","[6, 11]","['caring', 'approval']"
"MEEEEEEEEE. Most people don't get my humour, but every now and then somebody does and we non-stop laugh together. ","[0, 2]","['amusement', 'joy']"
I read fuck and not tuck. Was wondering how the hell it wasn't creepy....,"[0, 13]","['amusement', 'surprise']"
wake me up,[4],['desire']
Now THAT is a murder by words!,"[24, 25]","['anger', 'annoyance']"
"> When did I ever mention native genocide? How do you think the land was ""stolen""? The residents were killed.","[26, 24, 25]","['disapproval', 'anger', 'annoyance']"
Seeing that knife on this subreddit put the fear of [NAME] in me,[16],['fear']
The important thing to remember is 0 is also a number!,"[27, 11]","['neutral', 'approval']"
Sorry he was a United director when he bought it.,"[26, 20]","['disapproval', 'disappointment']"
*Get up and Drive your funky soul by [NAME] starts playing,"[1, 2]","['excitement', 'joy']"
Man my siblings would never just kill me like that,"[24, 25]","['anger', 'annoyance']"
"You tell me, was this a short trip or not? I was wrong, it was 4.3 ",[12],['realization']
you might be more of an optimist than me. hopefully you're right,[5],['optimism']
Good news: this is shark tale not finding Nemo,"[0, 10]","['amusement', 'relief']"
The only reason people are there is because they dont know [NAME] is fired lmao.,[0],['amusement']
Thats insane. Someone died like 2 years ago after a bolt got kicked up by a truck and went through his windshield and hit him on 146 in LaPorte,"[21, 23]","['sadness', 'disgust']"
Are you still sitting in the car right now?,[27],['neutral']
He probably banked on the inherent secrecy of the community and ignorance (on Belgian law) of his victims.,"[26, 23]","['disapproval', 'disgust']"
"[NAME] has to lose it a some point, just hope it's not tonight.",[17],['nervousness']
"I feel awful posting it, but I couldn‚Äôt not share :|","[18, 19]","['remorse', 'embarrassment']"
"See also: ""Useless College Degrees From Prestigious and Ridiculously Overpriced Universities""","[0, 26]","['amusement', 'disapproval']"
The sin was refusing to impregnate his brother's widow when [NAME] directly told him to. It's not just about wasting semen.,"[26, 25]","['disapproval', 'annoyance']"
"‚ÄúWow. Just .. wow. Read a book, sweatie!‚Äù",[0],['amusement']
Cheers to you on your cake day.,"[11, 2]","['approval', 'joy']"
Ahh gotcha - thanks :),"[9, 11]","['gratitude', 'approval']"
He will rest easy knowing how happy he made all of us,"[9, 2]","['gratitude', 'joy']"
"You can request a hand count at bottle drop, I think",[27],['neutral']
It's been cross posted.,[25],['annoyance']
"He was hooking you up, hoping you both could hook up ",[4],['desire']
Their orange chicken is the absolute fucking bomb. I love having it on top of a nice bed of rice and veggies :D,"[8, 2]","['admiration', 'joy']"
"Klokslag 12 I find really enjoyable, horror movie podcast, Im not a horror fan but I find these dudes very entertaining",[0],['amusement']
They basically worship this.,[8],['admiration']
Damn thats so cheap,"[1, 11]","['excitement', 'approval']"
"I am afraid to look, but my morbid curiosity draws me to ask.","[14, 16]","['curiosity', 'fear']"
Good for [NAME]. He deserves it.,"[8, 7]","['admiration', 'pride']"
"Frankly, partisan politics aside, I would REALLY like to know where this fever dream of historical came from. It's mind boggling.","[15, 14]","['confusion', 'curiosity']"
OMG if the [NAME] and [NAME] run... I'll have the worst of time deciding who to vote for!,"[0, 1]","['amusement', 'excitement']"
This was potentially the most dangerous stunt I have ever seen someone do. One minor mistake and you die.,"[26, 16]","['disapproval', 'fear']"
"whats the [NAME] story ? sorry, not up to date on the bloke","[27, 14]","['neutral', 'curiosity']"
The actress died before season 1 aired so that‚Äôs literally impossible since [NAME] didn‚Äôt betray until season 2,"[26, 25]","['disapproval', 'annoyance']"
[NAME] already had that in their comment and I didn't deny it. I guess that level of attention to detail isn't taught at Bellevue Community College.,"[26, 25]","['disapproval', 'annoyance']"
Omg so glad I‚Äôm not alone,"[10, 9]","['relief', 'gratitude']"
Yeah no haha. Out of my price range tbh,"[26, 20]","['disapproval', 'disappointment']"
wow! thats... a lot of water my dude was your bladder ok,"[0, 13]","['amusement', 'surprise']"
"Wizards really embracing the tank, having [NAME] playing the 5 against [NAME]","[8, 11]","['admiration', 'approval']"
"Congrats, still waiting on getting called for an interview for another internal position. Applying around Christmas HR is so fucking slow.",[25],['annoyance']
And I‚Äôll be there!!!,"[1, 2]","['excitement', 'joy']"
She's ugly so that might add some more months.,"[26, 23]","['disapproval', 'disgust']"
Wholesome and hilarious! Good job OP.,"[0, 11]","['amusement', 'approval']"
That was brilliant üòÇ,"[0, 7]","['amusement', 'pride']"
[NAME] WHO IS [NAME]!!!!!,"[8, 1]","['admiration', 'excitement']"
We didn't win in Alvalade even when they got 7th place. We just have some sort of block there,[20],['disappointment']
Sad. My condolences to her family.,[21],['sadness']
I'm so excited for this game!! üòÑ,[1],['excitement']
Focus on yourself by focusing on your prayers and reminding [NAME],[6],['caring']
"So true, sometimes what‚Äôs obvious passes over our heads. Good post.","[8, 11]","['admiration', 'approval']"
"She threw it in the trash? Pig! Wash it down the sink, even if it's a pancake.","[26, 24]","['disapproval', 'anger']"
It's embarrassing!,[19],['embarrassment']
Found his burner,[27],['neutral']
"Another reason to instantly kill people who constantly use the word ""awesome"" for everything. This is just brainless mediocrity at its best.","[24, 25]","['anger', 'annoyance']"
"Yup. You see more hands, have to learn more to be competitive.. etc",[27],['neutral']
"In your logic, billions of people being less poor is somehow a bad thing.","[26, 25]","['disapproval', 'annoyance']"
Yeah but even then I feel like they could‚Äôve went about it better,"[26, 25]","['disapproval', 'annoyance']"
"Lol, ..probably not. But then again, i never wanted to know what blue waffles were and somehow i do. ","[0, 14]","['amusement', 'curiosity']"
"I wasn't meaning it as an insult or anything, sorry if it came off that way. ",[18],['remorse']
"**GOD DAMN YOU, FIGHT BACK!!**",[24],['anger']
[NAME] looked terrible that game. I was really hoping to be wrong but he came just as advertised by Hawks fans,"[26, 20]","['disapproval', 'disappointment']"
Stop arguing with people.,[25],['annoyance']
"trust me, he's not.","[26, 25]","['disapproval', 'annoyance']"
This stresses me out way too much.,[25],['annoyance']
Come with me And you'll be In a world of pure ~~imagination~~ vindication,"[1, 2]","['excitement', 'joy']"
Eat too many whoppers and he'll be down with the sickness. Lma0 I'm sorry,[0],['amusement']
Ouch! That hit hard,[20],['disappointment']
The impact of his head hitting the court looked so bad. I hope he'll recover from this.,[16],['fear']
"Same here man, terrible feeling","[23, 20]","['disgust', 'disappointment']"
congrats. i'm broken rn but if I wasn't I'd be happy for you,"[21, 20]","['sadness', 'disappointment']"
"it's the result of a structural problem inherent in all forms of vanguardism, though. it's not the result of MLs being fascists or not leftists",[27],['neutral']
Change the initials to fake names. Was going to read but it‚Äôs too annoying.,[25],['annoyance']
IT'S MA'AM!!!!,"[24, 25]","['anger', 'annoyance']"
Think of how long you can park!,"[1, 2]","['excitement', 'joy']"
second temple stood for 420 years r/trees /r/Judiasm crossover confirmed!!!!!,"[1, 11]","['excitement', 'approval']"
Why? They deserve it.,[11],['approval']
Buddy. Your prejudice is showing. Also plot twist I'm a white [NAME] woman. You don't understand the principle of what white privilege is.,"[26, 24, 25]","['disapproval', 'anger', 'annoyance']"
I‚Äôm not sure it was [NAME] that changed the definition as much as it was the ATF.,"[15, 27]","['confusion', 'neutral']"
My Dachshund loves trying to lick my son's mouth when he's laughing. Every single time.,"[0, 2]","['amusement', 'joy']"
"Lol don't worry, they even make you somehow hate [NAME] in season 2.","[0, 25]","['amusement', 'annoyance']"
100%. She's made herself vulnerable to being sued by a few people.,"[26, 25]","['disapproval', 'annoyance']"
I'd give it a 9/10 one of my favorites. So what was your thoughts on D'jango?,"[8, 11]","['admiration', 'approval']"
You‚Äôre right. Thank you for the context and information.,"[9, 11]","['gratitude', 'approval']"
I have heard nothing about him this window. If anything it would be summer.,[27],['neutral']
"I appreciate this post, so it‚Äôs appropriate in my eyes üòÄ","[0, 9]","['amusement', 'gratitude']"
Only married once so can't be that bad. Not that it even matters,[0],['amusement']
You're mistaking a poor character for MC.,"[26, 25]","['disapproval', 'annoyance']"
Mostly because of the hype. I love going out with my friends!,"[3, 1]","['love', 'excitement']"
Refrigerators? That's cool,[0],['amusement']
Have to admit I thought this story would end with her demanding food or something.,"[0, 13]","['amusement', 'surprise']"
Fuck is exactly what she's good for,"[26, 24, 23]","['disapproval', 'anger', 'disgust']"
"Sure you are, comrade. You've met your quota of replies now, yes?","[0, 25]","['amusement', 'annoyance']"
Well good...opera is often beautiful..though it retains the stink of the upper classes.. I cant help but deride art that caters to high society to stay alive.,"[26, 25]","['disapproval', 'annoyance']"
They look like rappers,[0],['amusement']
PLACE THE DEVICE ON HER HEAD HA HA HA TIME TO DIE,[0],['amusement']
"I go by Ms., but my kids will call me Miss, Mrs. occasionally Mr., and it doesn't really bug me",[27],['neutral']
I took a picture of the sunrise this morning too. Just north of Austin. It was very pretty today.,"[8, 2]","['admiration', 'joy']"
I HATE that song...I did not vote for it. A few of my songs I liked went at around 60-70,"[26, 24]","['disapproval', 'anger']"
"You just gotta man up, go out there, and get that kiss.","[4, 1]","['desire', 'excitement']"
"Aren‚Äôt people on the internet the best! I don‚Äôt blame you for deleting, no time for negativity in this life. üçª ","[8, 11]","['admiration', 'approval']"
He can't rescind. What a dumbass,"[26, 25]","['disapproval', 'annoyance']"
Go get another phone!,"[24, 25]","['anger', 'annoyance']"
We moved away from our home town a few years ago. We have no family and not many close friends.,[21],['sadness']
Do I even wanna know what that means?,"[15, 14]","['confusion', 'curiosity']"
Whats more scary than a yellow man? A yellow man using yellow colour,[0],['amusement']
I didn‚Äôt know it was gonna be that simple Forgive me [NAME] :D,"[0, 10]","['amusement', 'relief']"
I found the love of my life at 35. There's plenty of time.,"[2, 5]","['joy', 'optimism']"
Yeah he's a real one. I would've loved him coaching the Broncos,"[8, 11]","['admiration', 'approval']"
This really bothers me too. I completely agree. It would have helped us avoid a US situation. Now I think we're barreling toward it,"[26, 25]","['disapproval', 'annoyance']"
Nice job building yourself btw,"[8, 11]","['admiration', 'approval']"
"No kids, I have a broken oven. When my marriage fell apart that was a blessing.","[10, 9]","['relief', 'gratitude']"
Yeah highkey looks decent,"[11, 5]","['approval', 'optimism']"
You are sexy af,"[8, 4]","['admiration', 'desire']"
how do you think money is created? it is largely controlled by the government and is distributed to create certain results in our society.,[27],['neutral']
"I‚Äôm glad things are coming to light, I pray justice is served for the victims. ","[11, 9]","['approval', 'gratitude']"
Don't know why anyone would need more explanation than this video,"[26, 25]","['disapproval', 'annoyance']"
the last minute of game time lasted 15 minutes.,[25],['annoyance']
Where else can you get deer ears and a flower crown on your selfie?,[0],['amusement']
"I'm curious though, will they upvote it to own the ~~libs~~ [NAME]?",[14],['curiosity']
"I'm curious to see the difference, but sadly that's not really something you can just ask someone.","[21, 14]","['sadness', 'curiosity']"
"Emotes have a ridiculous amount of effort put into them, which only makes the fact that nobody uses them sadder","[21, 20]","['sadness', 'disappointment']"
[NAME] fucking [NAME] please no,"[24, 25]","['anger', 'annoyance']"
"They can‚Äôt ask for much, hes on his last year, it‚Äôs similar to us and [NAME]",[27],['neutral']
I get all the deja smells and it's terrible.,"[23, 25]","['disgust', 'annoyance']"
> lack of diversity in the cast now that's a new one lmao,"[0, 25]","['amusement', 'annoyance']"
I don't know why this image bothers me so much,[15],['confusion']
You dont put it in the wastebasket. You put it on your Dad's nightstand.,"[0, 25]","['amusement', 'annoyance']"
I hate how much I love it,"[3, 4]","['love', 'desire']"
Thanks. I appreciate that. At least I know I‚Äôm not the only one.,"[10, 9]","['relief', 'gratitude']"
Yeah but don‚Äôt you have to get in the water to save lives?,[14],['curiosity']
I have been doing that. The disc-to-digital thing is pretty sweet.,"[0, 11]","['amusement', 'approval']"
You're most welcome!,[9],['gratitude']
It's the lists fault!,[25],['annoyance']
Haha this dude‚Äôs from the area I‚Äôm from. He‚Äôs a local treasure,"[8, 0]","['admiration', 'amusement']"
Really wish we had got something like this!,"[4, 20]","['desire', 'disappointment']"
I didn't downvote you so I couldn't tell yah why. It was definitely infected that's why it was red and swollen.,[27],['neutral']
[NAME] looks queasy already I like where this is going,"[0, 1]","['amusement', 'excitement']"
Bold of you to assume I have anyone that I would want to date in the first place,"[26, 25]","['disapproval', 'annoyance']"
What? That's exactly what I got from it. Obviously red-haired people are just defective and need to be cured/corrected. /sssssssssssssssssssssssssssss,"[26, 23]","['disapproval', 'disgust']"
I know I don't know the Spanish alphabet but I can't believe I didn't catch that before,"[12, 13]","['realization', 'surprise']"
"The same reason that the two on the left look dead inside: They know what they are, and are wishing for the sweet release of death. ","[21, 18]","['sadness', 'remorse']"
Maybe if [NAME] is still playing,"[27, 14]","['neutral', 'curiosity']"
The good kind,[11],['approval']
"I don't know what you're talking about, but that sounds just as racist as it is sexist.","[26, 24]","['disapproval', 'anger']"
I want to go back in time and hug you as a child (after you got the lice treated tho).,"[6, 3]","['caring', 'love']"
I've been there. It's one of the most diverse places on Earth.,"[8, 11]","['admiration', 'approval']"
I would say. ‚Äôgood‚Äô but it‚Äôs all fucking tragic.,"[21, 23]","['sadness', 'disgust']"
Insecurities exist even for people that are attractive. Even hot people are just like everyone else.,[12],['realization']
Me too. I love it!,[3],['love']
That uncle was awesome.,[8],['admiration']
Also available on Spotify and Apple Music. Any feedback would be hugely appreciated!,[9],['gratitude']
Fiddish baby [NAME]!!,"[0, 2]","['amusement', 'joy']"
[NAME] was bottom 3 just last split...,[13],['surprise']
Yup [NAME] got cucked,"[0, 26]","['amusement', 'disapproval']"
"she disrespected [NAME], i dont like her","[26, 25]","['disapproval', 'annoyance']"
Fuck isn't it nice to have a [NAME] on the team?,[11],['approval']
Brave soul.,[8],['admiration']
He sunk their house into the ground and blamed the architect and every episoode after that his beard gets a little less washed ü§î,"[0, 25]","['amusement', 'annoyance']"
"[NAME], [NAME] is the most underrated [NAME]. I love that guy. ","[8, 3]","['admiration', 'love']"
